{
  "document": {
    "type": "APL",
    "version": "1.3",
    "settings": {},
    "theme": "dark",
    "import": [
      {
        "name": "alexa-layouts",
        "version": "1.0.0"
      }
    ],
    "resources": [
      {
        "description": "Stock color for the light theme",
        "colors": {
          "colorTextPrimary": "#151920"
        }
      },
      {
        "description": "Stock color for the dark theme",
        "when": "${viewport.theme == 'dark'}",
        "colors": {
          "colorTextPrimary": "#f0f1ef"
        }
      },
      {
        "description": "Standard font sizes",
        "dimensions": {
          "textSizeBody": 48,
          "textSizePrimary": 27,
          "textSizeSecondary": 23,
          "textSizeSecondaryHint": 25
        }
      },
      {
        "description": "Common spacing values",
        "dimensions": {
          "spacingThin": 6,
          "spacingSmall": 12,
          "spacingMedium": 24,
          "spacingLarge": 48,
          "spacingExtraLarge": 72
        }
      },
      {
        "description": "Common margins and padding",
        "dimensions": {
          "marginTop": 40,
          "marginLeft": 60,
          "marginRight": 60,
          "marginBottom": 40
        }
      }
    ],
    "styles": {
      "textStyleBase": {
        "description": "Base font description; set color",
        "values": [
          {
            "color": "@colorTextPrimary"
          }
        ]
      },
      "textStyleBase0": {
        "description": "Thin version of basic font",
        "extend": "textStyleBase",
        "values": {
          "fontWeight": "100"
        }
      },
      "textStyleBase1": {
        "description": "Light version of basic font",
        "extend": "textStyleBase",
        "values": {
          "fontWeight": "300"
        }
      },
      "mixinBody": {
        "values": {
          "fontSize": "@textSizeBody"
        }
      },
      "mixinPrimary": {
        "values": {
          "fontSize": "@textSizePrimary"
        }
      },
      "mixinSecondary": {
        "values": {
          "fontSize": "@textSizeSecondary"
        }
      },
      "textStylePrimary": {
        "extend": ["textStyleBase1", "mixinPrimary"]
      },
      "textStyleSecondary": {
        "extend": ["textStyleBase0", "mixinSecondary"]
      },
      "textStyleBody": {
        "extend": ["textStyleBase1", "mixinBody"]
      },
      "textStyleSecondaryHint": {
        "values": {
          "fontFamily": "Bookerly",
          "fontStyle": "italic",
          "fontSize": "@textSizeSecondaryHint",
          "color": "@colorTextPrimary"
        }
      }
    },
    "onMount": [],
    "graphics": {},
    "commands": {},
    "layouts": {},
    "mainTemplate": {
      "description": "********* Full-screen background image **********",
      "parameters": ["payload"],
      "items": [
        {
          "when": "${viewport.shape == 'round'}",
          "type": "Container",
          "direction": "column",
          "items": [
            {
              "type": "Image",
              "source": "${payload.bodyTemplate1Data.backgroundImage.sources[0].url}",
              "position": "absolute",
              "width": "100vw",
              "height": "100vh",
              "scale": "best-fill"
            },
            {
              "type": "AlexaHeader",
              "headerTitle": "${payload.bodyTemplate1Data.title}",
              "headerAttributionImage": "${payload.bodyTemplate1Data.logoUrl}"
            },
            {
              "type": "Container",
              "grow": 1,
              "paddingLeft": "@marginLeft",
              "paddingRight": "@marginRight",
              "paddingBottom": "@marginBottom",
              "items": [
                {
                  "type": "Text",
                  "text": "${payload.bodyTemplate1Data.textContent.primaryText.text}",
                  "fontSize": "@textSizeBody",
                  "spacing": "@spacingSmall",
                  "style": "textStyleBody"
                }
              ]
            }
          ]
        },
        {
          "type": "Container",
          "height": "100vh",
          "items": [
            {
              "type": "Image",
              "source": "${payload.bodyTemplate1Data.backgroundImage.sources[0].url}",
              "position": "absolute",
              "width": "100vw",
              "height": "100vh",
              "scale": "best-fill"
            },
            {
              "type": "AlexaHeader",
              "headerTitle": "${payload.bodyTemplate1Data.title}",
              "headerAttributionImage": "${payload.bodyTemplate1Data.logoUrl}"
            },
            {
              "type": "Container",
              "paddingLeft": "@marginLeft",
              "paddingRight": "@marginRight",
              "paddingBottom": "@marginBottom",
              "items": [
                {
                  "type": "Text",
                  "text": "${payload.bodyTemplate1Data.textContent.primaryText.text}",
                  "fontSize": "@textSizeBody",
                  "spacing": "@spacingSmall",
                  "style": "textStyleBody"
                }
              ]
            }
          ]
        }
      ]
    }
  },
  "datasources": {
    "bodyTemplate1Data": {
      "type": "object",
      "objectId": "bt1Sample",
      "backgroundImage": {
        "contentDescription": null,
        "smallSourceUrl": null,
        "largeSourceUrl": null,
        "sources": [
          {
            "url": "https://d2o906d8ln7ui1.cloudfront.net/images/BT1_Background.png",
            "size": "small",
            "widthPixels": 0,
            "heightPixels": 0
          },
          {
            "url": "https://d2o906d8ln7ui1.cloudfront.net/images/BT1_Background.png",
            "size": "large",
            "widthPixels": 0,
            "heightPixels": 0
          }
        ]
      },
      "title": "Did You Know?",
      "textContent": {
        "primaryText": {
          "type": "PlainText",
          "text": "But in reality, mice prefer grains, fruits, and manmade foods that are high in sugar, and tend to turn up their noses at very smelly foods, like cheese. In fact, a 2006 study found that mice actively avoid cheese and dairy in general."
        }
      },
      "logoUrl": "https://d2o906d8ln7ui1.cloudfront.net/images/cheeseskillicon.png"
    }
  }
}
